{"RuleTriggered": 0, "Violations": 68, "Details": {"low_gpu_utilization": 761, "bottlenecks": {"1681225711.001953": {"GPUs": 1, "CPUs": 1}, "1681225711.501975": {"GPUs": 1, "CPUs": 3}, "1681225713.501989": {"GPUs": 1, "CPUs": 1}, "1681225714.001978": {"GPUs": 1, "CPUs": 1}, "1681225800.001978": {"GPUs": 1, "CPUs": 1}, "1681225828.001956": {"GPUs": 1, "CPUs": 1}, "1681225945.001965": {"GPUs": 1, "CPUs": 1}, "1681225945.501951": {"GPUs": 1, "CPUs": 1}, "1681225985.001986": {"GPUs": 1, "CPUs": 1}, "1681225988.50198": {"GPUs": 1, "CPUs": 1}, "1681225995.001934": {"GPUs": 1, "CPUs": 1}, "1681225999.501966": {"GPUs": 1, "CPUs": 1}, "1681226000.001947": {"GPUs": 1, "CPUs": 1}, "1681226000.501984": {"GPUs": 1, "CPUs": 1}, "1681226001.001981": {"GPUs": 1, "CPUs": 1}, "1681226001.501965": {"GPUs": 1, "CPUs": 1}, "1681226002.501983": {"GPUs": 1, "CPUs": 1}, "1681226003.001935": {"GPUs": 1, "CPUs": 1}, "1681226003.501973": {"GPUs": 1, "CPUs": 1}, "1681226004.001971": {"GPUs": 1, "CPUs": 1}, "1681226004.501987": {"GPUs": 1, "CPUs": 1}, "1681226005.00197": {"GPUs": 1, "CPUs": 1}, "1681226005.501936": {"GPUs": 1, "CPUs": 1}, "1681226006.001949": {"GPUs": 1, "CPUs": 1}, "1681226006.501983": {"GPUs": 1, "CPUs": 1}, "1681226007.001969": {"GPUs": 1, "CPUs": 1}, "1681226007.501956": {"GPUs": 1, "CPUs": 1}, "1681226008.50198": {"GPUs": 1, "CPUs": 1}, "1681226009.001948": {"GPUs": 1, "CPUs": 1}, "1681226009.501991": {"GPUs": 1, "CPUs": 1}, "1681226010.00198": {"GPUs": 1, "CPUs": 1}, "1681226010.501963": {"GPUs": 1, "CPUs": 1}, "1681226011.001962": {"GPUs": 1, "CPUs": 1}, "1681226011.501926": {"GPUs": 1, "CPUs": 1}, "1681226012.001988": {"GPUs": 1, "CPUs": 1}, "1681226012.501972": {"GPUs": 1, "CPUs": 1}, "1681226013.001945": {"GPUs": 1, "CPUs": 1}, "1681226013.501963": {"GPUs": 1, "CPUs": 1}, "1681226014.001956": {"GPUs": 1, "CPUs": 1}, "1681226014.501983": {"GPUs": 1, "CPUs": 1}, "1681226015.001942": {"GPUs": 1, "CPUs": 1}, "1681226015.501953": {"GPUs": 1, "CPUs": 1}, "1681226016.001977": {"GPUs": 1, "CPUs": 2}, "1681226016.501954": {"GPUs": 1, "CPUs": 1}, "1681226017.001962": {"GPUs": 1, "CPUs": 1}, "1681226017.501982": {"GPUs": 1, "CPUs": 1}, "1681226019.501982": {"GPUs": 1, "CPUs": 1}, "1681226021.001953": {"GPUs": 1, "CPUs": 1}, "1681226021.501975": {"GPUs": 1, "CPUs": 1}, "1681226022.001936": {"GPUs": 1, "CPUs": 1}, "1681226022.501991": {"GPUs": 1, "CPUs": 1}, "1681226023.001951": {"GPUs": 1, "CPUs": 1}, "1681226023.501927": {"GPUs": 1, "CPUs": 1}, "1681226024.001975": {"GPUs": 1, "CPUs": 1}, "1681226024.501944": {"GPUs": 1, "CPUs": 1}, "1681226025.001978": {"GPUs": 1, "CPUs": 1}, "1681226026.001971": {"GPUs": 1, "CPUs": 1}, "1681226026.501959": {"GPUs": 1, "CPUs": 1}, "1681226027.001945": {"GPUs": 1, "CPUs": 1}, "1681226027.501967": {"GPUs": 1, "CPUs": 1}, "1681226028.00198": {"GPUs": 1, "CPUs": 1}, "1681226028.501965": {"GPUs": 1, "CPUs": 1}, "1681226029.001993": {"GPUs": 1, "CPUs": 1}, "1681226029.501935": {"GPUs": 1, "CPUs": 1}, "1681226030.00196": {"GPUs": 1, "CPUs": 1}, "1681226030.501971": {"GPUs": 1, "CPUs": 1}, "1681226031.501965": {"GPUs": 1, "CPUs": 1}, "1681226072.002023": {"GPUs": 1, "CPUs": 1}}}, "Datapoints": 1747, "RuleParameters": "threshold:50\nio_threshold:50\ngpu_threshold:10\npatience:1000"}