{"RuleTriggered": 0, "Violations": 0, "Details": {"step_num": {"first": 1681226039642342, "last": 1681226579761755}, "job_start": 1681225710.501892, "job_end": 1681226579.502428}, "Datapoints": 948, "RuleParameters": "threshold:20"}