{"RuleTriggered": 0, "Violations": 169, "Details": {"low_gpu_utilization": 761, "bottlenecks": {"1681225711.001953": {"GPUs": 1, "CPUs": 1}, "1681225713.501989": {"GPUs": 1, "CPUs": 1}, "1681225714.001978": {"GPUs": 1, "CPUs": 1}, "1681225715.501983": {"GPUs": 1, "CPUs": 2}, "1681225716.001969": {"GPUs": 1, "CPUs": 1}, "1681225716.50458": {"GPUs": 1, "CPUs": 1}, "1681225717.001986": {"GPUs": 1, "CPUs": 4}, "1681225717.502281": {"GPUs": 1, "CPUs": 3}, "1681225718.001946": {"GPUs": 1, "CPUs": 4}, "1681225718.505007": {"GPUs": 1, "CPUs": 4}, "1681225719.002856": {"GPUs": 1, "CPUs": 4}, "1681225719.509753": {"GPUs": 1, "CPUs": 4}, "1681225720.002242": {"GPUs": 1, "CPUs": 4}, "1681225720.509877": {"GPUs": 1, "CPUs": 4}, "1681225721.004259": {"GPUs": 1, "CPUs": 4}, "1681225721.501958": {"GPUs": 1, "CPUs": 2}, "1681225722.003797": {"GPUs": 1, "CPUs": 1}, "1681225722.501988": {"GPUs": 1, "CPUs": 4}, "1681225723.002696": {"GPUs": 1, "CPUs": 4}, "1681225723.502418": {"GPUs": 1, "CPUs": 4}, "1681225724.005749": {"GPUs": 1, "CPUs": 4}, "1681225724.502404": {"GPUs": 1, "CPUs": 4}, "1681225725.001933": {"GPUs": 1, "CPUs": 4}, "1681225725.506394": {"GPUs": 1, "CPUs": 3}, "1681225726.002296": {"GPUs": 1, "CPUs": 3}, "1681225727.001955": {"GPUs": 1, "CPUs": 3}, "1681225727.504313": {"GPUs": 1, "CPUs": 4}, "1681225728.002272": {"GPUs": 1, "CPUs": 4}, "1681225728.505759": {"GPUs": 1, "CPUs": 4}, "1681225729.002048": {"GPUs": 1, "CPUs": 4}, "1681225729.505022": {"GPUs": 1, "CPUs": 4}, "1681225730.001981": {"GPUs": 1, "CPUs": 4}, "1681225730.50342": {"GPUs": 1, "CPUs": 4}, "1681225731.002288": {"GPUs": 1, "CPUs": 4}, "1681225731.502205": {"GPUs": 1, "CPUs": 4}, "1681225732.004475": {"GPUs": 1, "CPUs": 4}, "1681225732.512692": {"GPUs": 1, "CPUs": 4}, "1681225733.005883": {"GPUs": 1, "CPUs": 4}, "1681225733.502422": {"GPUs": 1, "CPUs": 4}, "1681225734.002039": {"GPUs": 1, "CPUs": 4}, "1681225734.507535": {"GPUs": 1, "CPUs": 4}, "1681225735.001971": {"GPUs": 1, "CPUs": 4}, "1681225735.502002": {"GPUs": 1, "CPUs": 4}, "1681225736.003584": {"GPUs": 1, "CPUs": 4}, "1681225736.50198": {"GPUs": 1, "CPUs": 4}, "1681225737.002584": {"GPUs": 1, "CPUs": 4}, "1681225737.502234": {"GPUs": 1, "CPUs": 4}, "1681225738.002897": {"GPUs": 1, "CPUs": 4}, "1681225738.504834": {"GPUs": 1, "CPUs": 4}, "1681225739.005711": {"GPUs": 1, "CPUs": 4}, "1681225739.503487": {"GPUs": 1, "CPUs": 4}, "1681225740.005748": {"GPUs": 1, "CPUs": 4}, "1681225740.501958": {"GPUs": 1, "CPUs": 4}, "1681225741.002005": {"GPUs": 1, "CPUs": 4}, "1681225741.505813": {"GPUs": 1, "CPUs": 4}, "1681225742.009298": {"GPUs": 1, "CPUs": 4}, "1681225742.50575": {"GPUs": 1, "CPUs": 4}, "1681225743.00496": {"GPUs": 1, "CPUs": 4}, "1681225743.502073": {"GPUs": 1, "CPUs": 4}, "1681225744.005525": {"GPUs": 1, "CPUs": 4}, "1681225744.503991": {"GPUs": 1, "CPUs": 4}, "1681225745.004226": {"GPUs": 1, "CPUs": 4}, "1681225745.505759": {"GPUs": 1, "CPUs": 4}, "1681225746.00336": {"GPUs": 1, "CPUs": 4}, "1681225746.503042": {"GPUs": 1, "CPUs": 4}, "1681225747.001994": {"GPUs": 1, "CPUs": 4}, "1681225747.504943": {"GPUs": 1, "CPUs": 4}, "1681225748.004209": {"GPUs": 1, "CPUs": 4}, "1681225748.502265": {"GPUs": 1, "CPUs": 4}, "1681225749.002059": {"GPUs": 1, "CPUs": 4}, "1681225749.502298": {"GPUs": 1, "CPUs": 4}, "1681225750.001954": {"GPUs": 1, "CPUs": 4}, "1681225750.502019": {"GPUs": 1, "CPUs": 4}, "1681225751.005715": {"GPUs": 1, "CPUs": 4}, "1681225751.501958": {"GPUs": 1, "CPUs": 4}, "1681225752.001983": {"GPUs": 1, "CPUs": 3}, "1681225752.50195": {"GPUs": 1, "CPUs": 4}, "1681225863.002371": {"GPUs": 1, "CPUs": 2}, "1681225872.001932": {"GPUs": 1, "CPUs": 1}, "1681225886.501936": {"GPUs": 1, "CPUs": 1}, "1681225889.003196": {"GPUs": 1, "CPUs": 1}, "1681225910.501938": {"GPUs": 1, "CPUs": 1}, "1681225913.00199": {"GPUs": 1, "CPUs": 1}, "1681225923.001973": {"GPUs": 1, "CPUs": 1}, "1681225936.501971": {"GPUs": 1, "CPUs": 1}, "1681225937.002009": {"GPUs": 1, "CPUs": 2}, "1681225937.501976": {"GPUs": 1, "CPUs": 1}, "1681225938.001961": {"GPUs": 1, "CPUs": 1}, "1681225938.501964": {"GPUs": 1, "CPUs": 1}, "1681225942.501965": {"GPUs": 1, "CPUs": 1}, "1681225943.001951": {"GPUs": 1, "CPUs": 2}, "1681225943.501947": {"GPUs": 1, "CPUs": 1}, "1681225945.001965": {"GPUs": 1, "CPUs": 1}, "1681225945.501951": {"GPUs": 1, "CPUs": 1}, "1681225946.001975": {"GPUs": 1, "CPUs": 1}, "1681225946.50268": {"GPUs": 1, "CPUs": 2}, "1681225947.001973": {"GPUs": 1, "CPUs": 2}, "1681225947.501956": {"GPUs": 1, "CPUs": 2}, "1681225948.001941": {"GPUs": 1, "CPUs": 1}, "1681225948.502021": {"GPUs": 1, "CPUs": 2}, "1681225949.001966": {"GPUs": 1, "CPUs": 1}, "1681225949.501974": {"GPUs": 1, "CPUs": 2}, "1681225950.001958": {"GPUs": 1, "CPUs": 2}, "1681225950.501978": {"GPUs": 1, "CPUs": 2}, "1681225951.002141": {"GPUs": 1, "CPUs": 2}, "1681225961.501964": {"GPUs": 1, "CPUs": 1}, "1681225964.002188": {"GPUs": 1, "CPUs": 1}, "1681225967.501986": {"GPUs": 1, "CPUs": 1}, "1681225982.501984": {"GPUs": 1, "CPUs": 1}, "1681225985.001986": {"GPUs": 1, "CPUs": 1}, "1681226004.001971": {"GPUs": 1, "CPUs": 1}, "1681226031.501965": {"GPUs": 1, "CPUs": 1}, "1681226034.00197": {"GPUs": 1, "CPUs": 1}, "1681226034.501946": {"GPUs": 1, "CPUs": 1}, "1681226035.001966": {"GPUs": 1, "CPUs": 1}, "1681226035.501969": {"GPUs": 1, "CPUs": 1}, "1681226036.002017": {"GPUs": 1, "CPUs": 1}, "1681226036.501965": {"GPUs": 1, "CPUs": 1}, "1681226037.501932": {"GPUs": 1, "CPUs": 1}, "1681226038.002013": {"GPUs": 1, "CPUs": 1}, "1681226038.50198": {"GPUs": 1, "CPUs": 1}, "1681226039.001975": {"GPUs": 1, "CPUs": 1}, "1681226039.501945": {"GPUs": 1, "CPUs": 1}, "1681226040.001938": {"GPUs": 1, "CPUs": 1}, "1681226041.502053": {"GPUs": 1, "CPUs": 1}, "1681226042.001954": {"GPUs": 1, "CPUs": 1}, "1681226043.002686": {"GPUs": 1, "CPUs": 1}, "1681226051.001964": {"GPUs": 1, "CPUs": 1}, "1681226052.002361": {"GPUs": 1, "CPUs": 2}, "1681226053.502893": {"GPUs": 1, "CPUs": 3}, "1681226055.002038": {"GPUs": 1, "CPUs": 4}, "1681226056.501961": {"GPUs": 1, "CPUs": 4}, "1681226058.001967": {"GPUs": 1, "CPUs": 3}, "1681226060.502036": {"GPUs": 1, "CPUs": 2}, "1681226064.002052": {"GPUs": 1, "CPUs": 1}, "1681226066.003789": {"GPUs": 1, "CPUs": 1}, "1681226069.002366": {"GPUs": 1, "CPUs": 2}, "1681226072.002023": {"GPUs": 1, "CPUs": 1}, "1681226123.001995": {"GPUs": 1, "CPUs": 1}, "1681226141.001969": {"GPUs": 1, "CPUs": 1}, "1681226143.502016": {"GPUs": 1, "CPUs": 1}, "1681226145.001981": {"GPUs": 1, "CPUs": 1}, "1681226149.501982": {"GPUs": 1, "CPUs": 1}, "1681226164.511929": {"GPUs": 1, "CPUs": 3}, "1681226167.001987": {"GPUs": 1, "CPUs": 2}, "1681226176.502001": {"GPUs": 1, "CPUs": 1}, "1681226181.501998": {"GPUs": 1, "CPUs": 1}, "1681226200.501981": {"GPUs": 1, "CPUs": 1}, "1681226225.001987": {"GPUs": 1, "CPUs": 1}, "1681226269.501966": {"GPUs": 1, "CPUs": 1}, "1681226275.502015": {"GPUs": 1, "CPUs": 1}, "1681226282.00203": {"GPUs": 1, "CPUs": 1}, "1681226290.002368": {"GPUs": 1, "CPUs": 1}, "1681226303.502009": {"GPUs": 1, "CPUs": 1}, "1681226314.001945": {"GPUs": 1, "CPUs": 1}, "1681226382.001957": {"GPUs": 1, "CPUs": 1}, "1681226384.001964": {"GPUs": 1, "CPUs": 1}, "1681226384.501945": {"GPUs": 1, "CPUs": 1}, "1681226392.001975": {"GPUs": 1, "CPUs": 1}, "1681226395.001951": {"GPUs": 1, "CPUs": 2}, "1681226397.501962": {"GPUs": 1, "CPUs": 1}, "1681226400.501936": {"GPUs": 1, "CPUs": 1}, "1681226403.002668": {"GPUs": 1, "CPUs": 2}, "1681226405.001926": {"GPUs": 1, "CPUs": 2}, "1681226407.502042": {"GPUs": 1, "CPUs": 2}, "1681226415.502004": {"GPUs": 1, "CPUs": 1}, "1681226425.501942": {"GPUs": 1, "CPUs": 1}, "1681226506.001975": {"GPUs": 1, "CPUs": 1}, "1681226552.001951": {"GPUs": 1, "CPUs": 1}}}, "Datapoints": 1747, "RuleParameters": "threshold:50\ncpu_threshold:90\ngpu_threshold:10\npatience:1000"}