{"RuleTriggered": 0, "Violations": 0, "Details": {"pin_memory": false, "num_workers": 0, "cores": 4, "dataloaders": 1, "dataloading_time": {"p25": 0.31348699999999996, "p50": 0.3293825, "p95": 0.35890479999999997, "probs": [1, 0, 0, 0, 0, 0, 0, 1, 0, 0, 0, 0, 0, 0, 0, 0, 0, 0, 0, 0, 0, 0, 0, 0, 1, 0, 0, 0, 0, 0, 0, 0, 1, 0, 0, 0, 0, 0, 0, 0, 0, 0, 0, 1, 0, 0, 0, 0, 0, 0, 0, 0, 0, 0, 0, 0, 1, 1, 0, 0, 0, 0, 1, 0, 0, 0, 0, 0, 0, 0, 0, 0, 0, 0, 0, 0, 0, 0, 0, 0, 0, 0, 0, 0, 0, 1, 0, 0, 0, 0, 0, 0, 0, 0, 0, 0, 0, 0, 0, 1], "binedges": [0.295233, 0.29591551000000005, 0.29659802, 0.29728053000000004, 0.29796304, 0.29864555000000004, 0.29932806, 0.30001057000000003, 0.30069308, 0.30137559, 0.3020581, 0.30274061, 0.30342312, 0.30410563, 0.30478814000000004, 0.30547065, 0.30615316000000004, 0.30683567, 0.30751818000000003, 0.30820069, 0.3088832, 0.30956571, 0.31024822, 0.31093073, 0.31161324, 0.31229575, 0.31297826, 0.31366077000000003, 0.31434328, 0.31502579, 0.3157083, 0.31639081, 0.31707332, 0.31775583, 0.31843834, 0.31912085, 0.31980336, 0.32048587, 0.32116838000000003, 0.32185089, 0.3225334, 0.32321591, 0.32389842, 0.32458093, 0.32526344, 0.32594595, 0.32662846, 0.32731097, 0.32799348, 0.32867599, 0.3293585, 0.33004100999999997, 0.33072352, 0.33140603, 0.33208854, 0.33277105, 0.33345356, 0.33413607, 0.33481858, 0.33550109, 0.33618359999999997, 0.33686611, 0.33754861999999997, 0.33823113, 0.33891364, 0.33959615, 0.34027866, 0.34096117, 0.34164368, 0.34232619, 0.3430087, 0.34369120999999997, 0.34437372, 0.34505622999999996, 0.34573874, 0.34642124999999996, 0.34710376, 0.34778626999999995, 0.34846878, 0.34915129, 0.3498338, 0.35051631, 0.35119881999999997, 0.35188133, 0.35256383999999996, 0.35324635, 0.35392885999999996, 0.35461137, 0.35529387999999995, 0.35597639, 0.3566589, 0.35734140999999997, 0.35802391999999994, 0.35870642999999997, 0.35938894, 0.36007144999999996, 0.36075396, 0.36143646999999995, 0.36211898, 0.36280148999999995, 0.363484]}}, "Datapoints": 10, "RuleParameters": "min_threshold:70\nmax_threshold:200"}