{"RuleTriggered": 0, "Violations": 0, "Details": {"step_details": {"algo-1-27": {"step_stats": {"mean": 0.08580088198757764, "max": 9.338046, "p99": 0.045958200000000025, "p95": 0.039432, "p50": 0.026552, "min": 0.022876}, "number_of_outliers": 1, "phase": "Step:ModeKeys.EVAL", "stddev": 0.73, "probs": [5, 6, 11, 8, 8, 11, 1, 7, 6, 2, 3, 3, 2, 5, 5, 3, 4, 3, 1, 0, 3, 3, 2, 0, 4, 0, 3, 4, 4, 1, 2, 7, 6, 0, 2, 2, 3, 0, 1, 0, 0, 0, 1, 1, 1, 1, 2, 0, 0, 1, 0, 0, 1, 0, 2, 0, 0, 0, 1, 0, 0, 0, 0, 0, 0, 1, 1, 1, 1, 0, 0, 1, 1, 0, 0, 0, 0, 0, 0, 0, 0, 0, 0, 0, 1, 0, 0, 0, 0, 0, 0, 0, 0, 0, 0, 0, 0, 0, 0, 1], "binedges": [0.022876, 0.023130210000000002, 0.02338442, 0.02363863, 0.023892840000000002, 0.02414705, 0.02440126, 0.02465547, 0.02490968, 0.02516389, 0.0254181, 0.02567231, 0.02592652, 0.02618073, 0.02643494, 0.026689150000000002, 0.02694336, 0.02719757, 0.027451780000000002, 0.02770599, 0.0279602, 0.028214410000000002, 0.02846862, 0.02872283, 0.028977040000000003, 0.02923125, 0.02948546, 0.02973967, 0.02999388, 0.03024809, 0.0305023, 0.03075651, 0.03101072, 0.031264929999999996, 0.03151914, 0.03177335, 0.03202756, 0.03228177, 0.03253598, 0.03279019, 0.0330444, 0.03329861, 0.03355282, 0.03380703, 0.03406124, 0.03431545, 0.03456966, 0.03482387, 0.03507808, 0.03533229, 0.0355865, 0.03584071, 0.03609492, 0.03634913, 0.03660334, 0.03685755, 0.03711176, 0.03736597, 0.03762018, 0.03787439, 0.0381286, 0.03838281, 0.03863702, 0.03889123, 0.039145440000000004, 0.03939965, 0.03965386, 0.039908070000000004, 0.04016228, 0.04041649, 0.040670700000000004, 0.040924909999999995, 0.04117912, 0.041433330000000004, 0.041687539999999995, 0.04194175, 0.042195960000000005, 0.042450169999999995, 0.04270438, 0.042958590000000005, 0.043212799999999996, 0.04346701, 0.043721220000000005, 0.043975429999999996, 0.04422964, 0.04448385, 0.044738059999999996, 0.04499227, 0.04524648, 0.045500689999999996, 0.0457549, 0.04600911, 0.04626332, 0.04651753, 0.04677174, 0.04702595, 0.04728016, 0.04753437, 0.04778858, 0.04804279, 0.048297], "step_numbers": ["0"]}}}, "Datapoints": 948, "RuleParameters": "threshold:3\nmode:None\nn_outliers:10\nstddev:3"}